userId;timestamp;accountId;propertyId;business;salePrice;rentPrice;lat;lon
173923352cc271d2414fe3f7642bb3c3;1442592980044;67853;49515874;VENTA;580000;0;-23.696;-46.621
173923352cc271d2414fe3f7642bb3c3;1442593005540;67853;49515874;VENTA;580000;0;-23.696;-46.621
173923352cc271d2414fe3f7642bb3c3;1442593382478;22704;51357828;VENTA;580000;0;-23.701602;-46.58156
173923352cc271d2414fe3f7642bb3c3;1442593405169;22704;51357828;VENTA;580000;0;-23.701602;-46.58156
173923352cc271d2414fe3f7642bb3c3;1442593648404;56728;55583286;VENTA;1300000;0;-23.669448;-46.564195
173923352cc271d2414fe3f7642bb3c3;1442594709450;22704;51357828;VENTA;580000;0;-23.701602;-46.58156
173923352cc271d2414fe3f7642bb3c3;1442596526007;22704;51357828;VENTA;580000;0;-23.701602;-46.58156
173923352cc271d2414fe3f7642bb3c3;1442596594712;76106;53399800;VENTA;400000;0;-23.696;-46.621
173923352cc271d2414fe3f7642bb3c3;1442596768088;76106;53399800;VENTA;400000;0;-23.696;-46.621
173923352cc271d2414fe3f7642bb3c3;1442596809466;72281;45918737;VENTA;320000;0;-23.686248;-46.626517
173923352cc271d2414fe3f7642bb3c3;1442597090418;56728;55507490;VENTA;890000;0;-23.7062;-46.5812
19d1f2bf2d1c31e12432dd8aa714fa02;1442597949531;82897;49726978;VENTA;249000;0;-23.320852;-51.150242
19d1f2bf2d1c31e12432dd8aa714fa02;1442598293302;39344;54002760;VENTA;186924;0;-23.3097371;-51.1611537
19d1f2bf2d1c31e12432dd8aa714fa02;1442598384214;39344;54002760;VENTA;186924;0;-23.3097371;-51.1611537
19d1f2bf2d1c31e12432dd8aa714fa02;1442599335653;65573;53177406;VENTA;146000;0;-23.328668;-51.116177
19d1f2bf2d1c31e12432dd8aa714fa02;1442599455437;65573;53177406;VENTA;146000;0;-23.328668;-51.116177
19d1f2bf2d1c31e12432dd8aa714fa02;1442600503814;98347;54626616;VENTA;235000;0;-23.34338;-51.171254
19d1f2bf2d1c31e12432dd8aa714fa02;1442600572857;99176;55477743;VENTA;120000;0;-23.285709;-51.179872
19d1f2bf2d1c31e12432dd8aa714fa02;1442600672471;65573;48215282;VENTA;135000;0;-23.273726;-51.185143
19d1f2bf2d1c31e12432dd8aa714fa02;1442600784737;55567;56411856;VENTA;230000;0;-23.320852;-51.150242
19d1f2bf2d1c31e12432dd8aa714fa02;1442600828732;55567;56411855;VENTA;230000;0;-23.320852;-51.150242
19d1f2bf2d1c31e12432dd8aa714fa02;1442601328078;58191;54003331;VENTA;145000;0;-23.2902;-51.2092
19d1f2bf2d1c31e12432dd8aa714fa02;1442601378820;58191;54003139;VENTA;230000;0;-23.2629608;-51.1431848
19d1f2bf2d1c31e12432dd8aa714fa02;1442601520277;65573;48195861;VENTA;120000;0;-23.304452;-51.169582
19d1f2bf2d1c31e12432dd8aa714fa02;1442601591932;73059;54488632;VENTA;138000;0;-23.29273;-51.17320729999999
19d1f2bf2d1c31e12432dd8aa714fa02;1442601699527;48609;39738986;VENTA;175000;0;-23.3395951;-51.1333677
19d1f2bf2d1c31e12432dd8aa714fa02;1442602089116;99957;56254711;VENTA;125000;0;-23.295712;-51.208601
19d1f2bf2d1c31e12432dd8aa714fa02;1442602246715;99957;56254711;VENTA;125000;0;-23.295712;-51.208601
19d1f2bf2d1c31e12432dd8aa714fa02;1442602424906;58191;54040796;VENTA;145000;0;-23.31178;-51.1981477
19d1f2bf2d1c31e12432dd8aa714fa02;1442602595651;90374;56162700;VENTA;234000;0;-23.316377;-51.144075
1b7bcfe0279f7c34a343114cb9bd1530;1442592397481;98492;54684694;VENTA;750000;0;-21.768022;-43.342746
1b7bcfe0279f7c34a343114cb9bd1530;1442594185227;98492;54684797;VENTA;320000;0;-21.768022;-43.342746
1b7bcfe0279f7c34a343114cb9bd1530;1442594337383;97500;55571281;VENTA;380000;0;-21.7931481;-43.3801392
1b7bcfe0279f7c34a343114cb9bd1530;1442594625298;87410;55302029;VENTA;400000;0;-21.654701;-43.422441
1b7bcfe0279f7c34a343114cb9bd1530;1442594988409;98588;55071444;VENTA;580000;0;-21.669593;-43.307855
1b7bcfe0279f7c34a343114cb9bd1530;1442595199963;100078;56357807;VENTA;350000;0;-21.707616;-43.487817
1b7bcfe0279f7c34a343114cb9bd1530;1442595524833;70958;56411498;VENTA;690000;0;-21.712899;-43.344118
1b7bcfe0279f7c34a343114cb9bd1530;1442595813460;78001;55662434;VENTA;600000;0;-21.777594;-43.297169
1b7bcfe0279f7c34a343114cb9bd1530;1442596088685;65549;56269713;VENTA;350000;0;-21.7650083;-43.3488245
1b7bcfe0279f7c34a343114cb9bd1530;1442596330008;64618;54346283;VENTA;900000;0;-21.7881774;-43.3149785
1b7bcfe0279f7c34a343114cb9bd1530;1442597082636;82247;53520816;VENTA;480000;0;-21.712899;-43.344118
1b7bcfe0279f7c34a343114cb9bd1530;1442597420772;91073;54599773;VENTA;135000;0;-21.6776909;-43.4500319
1b7bcfe0279f7c34a343114cb9bd1530;1442597650125;57598;55684712;VENTA;800000;0;-21.782094;-43.405597
1b7bcfe0279f7c34a343114cb9bd1530;1442597883540;64108;55546788;VENTA;350000;0;-21.7650083;-43.3488245
1b7bcfe0279f7c34a343114cb9bd1530;1442598150890;77440;54333312;VENTA;690000;0;-21.712899;-43.344118
1b7bcfe0279f7c34a343114cb9bd1530;1442598330924;84410;54471093;VENTA;500000;0;-21.712899;-43.344118
1b7bcfe0279f7c34a343114cb9bd1530;1442598719254;84100;55925288;VENTA;750000;0;-21.794802;-43.4042512
1b7bcfe0279f7c34a343114cb9bd1530;1442598954533;64068;54332889;VENTA;550000;0;-21.7650083;-43.3488245
1b7bcfe0279f7c34a343114cb9bd1530;1442599517544;65549;52789622;VENTA;495000;0;-21.7650083;-43.3488245
1b7bcfe0279f7c34a343114cb9bd1530;1442599796300;65806;55935018;VENTA;320000;0;-21.7650083;-43.3488245
1b7bcfe0279f7c34a343114cb9bd1530;1442600273980;57540;53908928;VENTA;200000;0;-21.7650083;-43.3488245
1b7bcfe0279f7c34a343114cb9bd1530;1442600619811;57540;53909049;VENTA;400000;0;-21.7650083;-43.3488245
250aa466124c5de2fb6db3fb4b7c2d46;1442595245117;50661;49162511;VENTA;335000;0;-22.889082;-47.04672
250aa466124c5de2fb6db3fb4b7c2d46;1442595629527;50509;45917756;VENTA;380000;0;-22.891751;-47.074223
250aa466124c5de2fb6db3fb4b7c2d46;1442595732547;72239;44880642;VENTA;380000;0;-22.9108295;-47.0470513
250aa466124c5de2fb6db3fb4b7c2d46;1442595848459;50644;55489313;VENTA;390000;0;-22.887016;-47.071916
250aa466124c5de2fb6db3fb4b7c2d46;1442596043765;43636;51502703;VENTA;400000;0;-22.910058;-47.070666
250aa466124c5de2fb6db3fb4b7c2d46;1442597218628;50702;51194192;VENTA;400000;0;-22.894375;-47.078486
250aa466124c5de2fb6db3fb4b7c2d46;1442597461230;50509;55726516;VENTA;420000;0;-22.893778;-47.075789
250aa466124c5de2fb6db3fb4b7c2d46;1442597545545;81405;48681694;VENTA;430000;0;-22.882573;-47.050235
250aa466124c5de2fb6db3fb4b7c2d46;1442597775966;81405;48680799;VENTA;450000;0;-22.889272;-47.072415
250aa466124c5de2fb6db3fb4b7c2d46;1442597898270;53735;39398212;VENTA;450000;0;-22.896855;-47.081219
250aa466124c5de2fb6db3fb4b7c2d46;1442597999694;35541;48279106;VENTA;450000;0;-22.890525;-47.059111
250aa466124c5de2fb6db3fb4b7c2d46;1442598688942;50565;46010855;VENTA;450000;0;-22.869395;-47.061838
250aa466124c5de2fb6db3fb4b7c2d46;1442599185877;50700;47487196;VENTA;460000;0;-22.884681;-47.069356
2645065b104d279d12729607269ae8a4;1442596362973;88718;55879247;VENTA;250000;0;-22.5150483;-44.1312112
2645065b104d279d12729607269ae8a4;1442596515047;98117;56292244;VENTA;190000;0;-22.50377;-44.079194
2645065b104d279d12729607269ae8a4;1442597568678;53559;51926721;VENTA;250000;0;-22.597547;-44.079552
2645065b104d279d12729607269ae8a4;1442597648987;53559;51103478;VENTA;280000;0;-22.5251514;-44.1037794
2645065b104d279d12729607269ae8a4;1442597724912;53559;53678336;VENTA;210000;0;-22.5251514;-44.1037794
2645065b104d279d12729607269ae8a4;1442597868560;53559;51103276;VENTA;223000;0;-22.597547;-44.079552
2645065b104d279d12729607269ae8a4;1442597897860;53559;51103437;VENTA;220000;0;-22.597547;-44.079552
2645065b104d279d12729607269ae8a4;1442598381615;55945;51352094;VENTA;250000;0;-22.490227;-44.130203
2645065b104d279d12729607269ae8a4;1442598593012;55945;42568472;VENTA;215000;0;-22.5251514;-44.1037794
2645065b104d279d12729607269ae8a4;1442598635487;55945;42568472;VENTA;215000;0;-22.5251514;-44.1037794
2645065b104d279d12729607269ae8a4;1442598694367;53559;51103343;VENTA;220000;0;-22.597547;-44.079552
2645065b104d279d12729607269ae8a4;1442598837516;53559;51103567;VENTA;260000;0;-22.471581;-44.0639344
2645065b104d279d12729607269ae8a4;1442598904765;53559;51103380;VENTA;230000;0;-22.5251514;-44.1037794
2658a6d0f39a7d419c7ea2067df4ec75;1442596323804;77618;51592143;VENTA;258000;0;-12.8976;-38.2988
2658a6d0f39a7d419c7ea2067df4ec75;1442596543188;66256;43661367;VENTA;210000;0;-12.8976;-38.2988
2658a6d0f39a7d419c7ea2067df4ec75;1442596777876;97872;54623131;VENTA;219000;0;-12.8976;-38.2988
2658a6d0f39a7d419c7ea2067df4ec75;1442596950896;27095;54736537;VENTA;210000;0;-12.8976;-38.2988
2658a6d0f39a7d419c7ea2067df4ec75;1442597457615;41891;40184245;VENTA;214500;0;-12.8976;-38.2988
2658a6d0f39a7d419c7ea2067df4ec75;1442597539110;80591;46756334;VENTA;195000;0;-12.910387;-38.30765
2658a6d0f39a7d419c7ea2067df4ec75;1442597969264;86988;56143857;VENTA;230000;0;-12.8976;-38.2988
2658a6d0f39a7d419c7ea2067df4ec75;1442597997778;39482;51406950;VENTA;230000;0;-12.8976;-38.2988
2658a6d0f39a7d419c7ea2067df4ec75;1442598263987;97521;54156810;VENTA;250000;0;-12.882058;-38.31482
2658a6d0f39a7d419c7ea2067df4ec75;1442598620616;42965;48227688;VENTA;255000;0;-12.8820575;-38.3148204
2658a6d0f39a7d419c7ea2067df4ec75;1442598664253;51787;49431321;VENTA;264999;0;-12.8815;-38.3161
2658a6d0f39a7d419c7ea2067df4ec75;1442598712173;51787;49431413;VENTA;274999;0;-12.8815;-38.3161
2658a6d0f39a7d419c7ea2067df4ec75;1442598772563;65587;48692253;VENTA;250000;0;-12.89737;-38.303397
2658a6d0f39a7d419c7ea2067df4ec75;1442599013190;41516;52390188;VENTA;240000;0;-12.89737;-38.303397
2658a6d0f39a7d419c7ea2067df4ec75;1442599106418;86988;52296087;VENTA;225000;0;-12.8815;-38.3161
28958a9fe91f04b8d6f89caaed4e7e35;1442596616689;84703;54501811;VENTA;6000000;0;-22.9652976;-43.215899
28958a9fe91f04b8d6f89caaed4e7e35;1442596906695;90335;54031243;VENTA;4442500;0;-22.977635;-43.196275
28958a9fe91f04b8d6f89caaed4e7e35;1442597612611;88995;49383411;VENTA;2100000;0;-22.9631236;-43.2028749
28958a9fe91f04b8d6f89caaed4e7e35;1442598208185;45812;52277718;VENTA;1390000;0;-22.96074;-43.202722
28958a9fe91f04b8d6f89caaed4e7e35;1442598763721;17347;55987998;VENTA;2000000;0;-22.963176;-43.202867
28958a9fe91f04b8d6f89caaed4e7e35;1442599056671;51586;55839790;VENTA;4351000;0;-22.974489;-43.200132
28958a9fe91f04b8d6f89caaed4e7e35;1442599199799;17347;55987998;VENTA;2000000;0;-22.963176;-43.202867
28958a9fe91f04b8d6f89caaed4e7e35;1442599497074;93594;51828213;VENTA;1088000;0;-22.9628699;-43.2029992
28958a9fe91f04b8d6f89caaed4e7e35;1442599622588;97373;53805512;VENTA;4670000;0;-22.977908;-43.196877
28958a9fe91f04b8d6f89caaed4e7e35;1442599790136;88179;52193592;VENTA;1580000;0;-22.96074;-43.202722
28958a9fe91f04b8d6f89caaed4e7e35;1442599936496;97479;54189439;VENTA;1390000;0;-22.972981;-43.204579
28958a9fe91f04b8d6f89caaed4e7e35;1442600099493;67736;51820603;VENTA;1700000;0;-22.96074;-43.202722
28958a9fe91f04b8d6f89caaed4e7e35;1442600216542;91234;52200077;VENTA;4440000;0;-22.977635;-43.196275
28958a9fe91f04b8d6f89caaed4e7e35;1442600478932;76968;50330842;VENTA;2100000;0;-22.96634;-43.200066
28958a9fe91f04b8d6f89caaed4e7e35;1442600636802;97035;55306561;VENTA;5500000;0;-22.97454;-43.199894
28958a9fe91f04b8d6f89caaed4e7e35;1442600742842;74634;56060728;VENTA;1595000;0;-22.960655;-43.201372
28958a9fe91f04b8d6f89caaed4e7e35;1442600897232;53006;50533814;VENTA;3800000;0;-22.977635;-43.196275
28958a9fe91f04b8d6f89caaed4e7e35;1442601063809;100033;56260690;VENTA;2700000;0;-22.961152;-43.205345
28958a9fe91f04b8d6f89caaed4e7e35;1442601213261;53006;50533832;VENTA;4100000;0;-22.96867;-43.204761
28958a9fe91f04b8d6f89caaed4e7e35;1442601390070;77671;55370913;VENTA;2300000;0;-22.978682;-43.199146
28958a9fe91f04b8d6f89caaed4e7e35;1442601513000;73756;47759218;VENTA;2100000;0;-22.973719;-43.205776
28958a9fe91f04b8d6f89caaed4e7e35;1442601651138;52279;53347966;VENTA;6400000;0;-22.980619;-43.205838
28958a9fe91f04b8d6f89caaed4e7e35;1442601756018;34782;52892759;VENTA;3700000;0;-22.9711111;-43.2119444
28958a9fe91f04b8d6f89caaed4e7e35;1442601889399;77671;49303885;VENTA;3590000;0;-22.973463;-43.201546
28958a9fe91f04b8d6f89caaed4e7e35;1442602028488;71425;51405247;VENTA;2000000;0;-22.9711111;-43.2119444
36b6189029c893a2895f278cf02aaa6c;1442597316910;69641;54765543;VENTA;165000;0;-23.5256;-46.9032
36b6189029c893a2895f278cf02aaa6c;1442597779138;64748;56400346;VENTA;165000;0;-23.5256;-46.9032
36b6189029c893a2895f278cf02aaa6c;1442597873691;65308;56278066;VENTA;188000;0;-23.526588;-46.90239
36b6189029c893a2895f278cf02aaa6c;1442598147294;69832;54990444;VENTA;157000;0;-23.528028;-46.902763
36b6189029c893a2895f278cf02aaa6c;1442598588303;24107;56391100;VENTA;80000;0;-23.509861;-46.87527
36b6189029c893a2895f278cf02aaa6c;1442598684345;24107;55998918;VENTA;67000;0;-23.509861;-46.87527
36b6189029c893a2895f278cf02aaa6c;1442598866516;24107;55970601;VENTA;67000;0;-23.509861;-46.87527
36b6189029c893a2895f278cf02aaa6c;1442599616234;24107;55472835;VENTA;35000;0;-23.509302;-46.87528
36b6189029c893a2895f278cf02aaa6c;1442599661172;24107;55472835;VENTA;35000;0;-23.509302;-46.87528
36b6189029c893a2895f278cf02aaa6c;1442599939184;24107;52415307;VENTA;60000;0;-23.512309;-46.87452
36b6189029c893a2895f278cf02aaa6c;1442601259514;24107;52415307;VENTA;60000;0;-23.512309;-46.87452
36b6189029c893a2895f278cf02aaa6c;1442601492937;24107;52267515;VENTA;35669;0;-23.512309;-46.87452
36b6189029c893a2895f278cf02aaa6c;1442601624269;24107;52531630;VENTA;70000;0;-23.512309;-46.87452
375eccbd3ba22f209352a23b501c5058;1442597401741;50633;54928266;VENTA;208000;0;-23.491389;-46.474444
375eccbd3ba22f209352a23b501c5058;1442597705130;41658;45651074;VENTA;180000;0;-23.4865929;-46.3488909
375eccbd3ba22f209352a23b501c5058;1442597819337;77676;53596315;VENTA;190000;0;-23.4861965;-46.33788209999999
375eccbd3ba22f209352a23b501c5058;1442597943235;41658;45651074;VENTA;180000;0;-23.4865929;-46.3488909
375eccbd3ba22f209352a23b501c5058;1442598011857;58710;42259808;VENTA;135000;0;-23.4865929;-46.3488909
375eccbd3ba22f209352a23b501c5058;1442598030077;58710;42369522;VENTA;145000;0;-23.4865929;-46.3488909
375eccbd3ba22f209352a23b501c5058;1442598119390;65351;48970277;VENTA;92000;0;-23.450872;-46.343369
375eccbd3ba22f209352a23b501c5058;1442598133837;77676;54418131;VENTA;190000;0;-23.4865929;-46.3488909
375eccbd3ba22f209352a23b501c5058;1442598329650;55235;51871888;VENTA;190000;0;-23.434818;-46.400622
375eccbd3ba22f209352a23b501c5058;1442598359824;97811;55457072;VENTA;185000;0;-23.439786;-46.394819
375eccbd3ba22f209352a23b501c5058;1442598577107;48671;40957351;VENTA;200000;0;-23.4336;-46.5332
375eccbd3ba22f209352a23b501c5058;1442598601803;52583;49390614;VENTA;200000;0;-23.434133;-46.534269
375eccbd3ba22f209352a23b501c5058;1442598654744;97800;54750120;VENTA;200000;0;-23.437751;-46.396639
375eccbd3ba22f209352a23b501c5058;1442598672897;55969;53020137;VENTA;200000;0;-23.4406749;-46.5198723
375eccbd3ba22f209352a23b501c5058;1442598739005;26055;55516469;VENTA;136000;0;-23.4678664;-46.5331122
3eec61691155c03d568fcdddf14955e0;1442592004400;43558;56397510;VENTA;500000;0;-22.928656;-43.176367
3eec61691155c03d568fcdddf14955e0;1442592008693;52060;56224065;VENTA;295000;0;-22.967471;-43.395685
3eec61691155c03d568fcdddf14955e0;1442592010720;74178;55380079;VENTA;1150000;0;-22.8118574;-43.195731
3eec61691155c03d568fcdddf14955e0;1442592013846;50932;55789434;VENTA;1075000;0;-22.817355;-43.19573
3eec61691155c03d568fcdddf14955e0;1442592018344;52744;56260090;VENTA;200000;0;-22.876761;-43.321972
3eec61691155c03d568fcdddf14955e0;1442592023160;75212;55832883;VENTA;4600000;0;-23.004306;-43.388511
3eec61691155c03d568fcdddf14955e0;1442592063374;64399;55615421;VENTA;199000;0;-22.98267;-43.463092
3eec61691155c03d568fcdddf14955e0;1442592479087;67992;54916615;VENTA;850000;0;-22.933312;-43.177397
3eec61691155c03d568fcdddf14955e0;1442592486741;96487;56426392;VENTA;490000;0;-22.970998;-43.395282
3eec61691155c03d568fcdddf14955e0;1442592491897;40202;56312042;VENTA;3700000;0;-22.976889;-43.188485
3eec61691155c03d568fcdddf14955e0;1442592501501;54484;56345852;VENTA;1000000;0;-22.904963;-43.290849
3eec61691155c03d568fcdddf14955e0;1442592506825;8818;56408765;VENTA;230000;0;-22.91464;-43.206678
3eec61691155c03d568fcdddf14955e0;1442592513837;100032;56391834;VENTA;315000;0;-22.9409052;-43.3568894
3eec61691155c03d568fcdddf14955e0;1442592532845;70152;55043660;VENTA;1400000;0;-22.892053;-43.616038
3eec61691155c03d568fcdddf14955e0;1442592536966;93697;56395941;VENTA;250000;0;-22.866693;-43.552435
3eec61691155c03d568fcdddf14955e0;1442592540942;94947;55746125;VENTA;3500000;0;-22.98229;-43.212332
3eec61691155c03d568fcdddf14955e0;1442592545135;99658;55702092;VENTA;525000;0;-23.013666;-43.463407
3eec61691155c03d568fcdddf14955e0;1442592550913;76994;55584535;VENTA;850000;0;-22.99902;-43.415718
3eec61691155c03d568fcdddf14955e0;1442592581685;91064;55582207;VENTA;4500000;0;-23.010006;-43.3317
3eec61691155c03d568fcdddf14955e0;1442592643936;98670;56399273;VENTA;2800000;0;-22.903402;-43.299989
3eec61691155c03d568fcdddf14955e0;1442592646611;99483;55577022;VENTA;4000000;0;-22.962228;-43.165328
3eec61691155c03d568fcdddf14955e0;1442592650476;99483;55577022;VENTA;4000000;0;-22.962228;-43.165328
3eec61691155c03d568fcdddf14955e0;1442592655714;100147;56355644;VENTA;750000;0;-23.013893;-43.313973
3eec61691155c03d568fcdddf14955e0;1442593432296;67825;55522837;VENTA;1250000;0;-23.013666;-43.463407
3eec61691155c03d568fcdddf14955e0;1442593452842;72437;56224034;VENTA;1248000;0;-23.011413;-43.447593
3eec61691155c03d568fcdddf14955e0;1442593458423;45812;56327857;VENTA;340000;0;-22.837644;-43.322023
3eec61691155c03d568fcdddf14955e0;1442593466185;35607;56222807;VENTA;3500000;0;-23.0;-43.3658333
3eec61691155c03d568fcdddf14955e0;1442593473320;57359;56289525;VENTA;35000000;0;-22.893238;-43.190824
3eec61691155c03d568fcdddf14955e0;1442593480398;57359;56289525;VENTA;35000000;0;-22.893238;-43.190824
3eec61691155c03d568fcdddf14955e0;1442593572450;78698;55912822;VENTA;200000;0;-22.813233;-43.363526
3eec61691155c03d568fcdddf14955e0;1442593576694;78698;55912822;VENTA;200000;0;-22.813233;-43.363526
3eec61691155c03d568fcdddf14955e0;1442593581365;78698;55912822;VENTA;200000;0;-22.813233;-43.363526
3eec61691155c03d568fcdddf14955e0;1442593587416;78698;55912822;VENTA;200000;0;-22.813233;-43.363526
3eec61691155c03d568fcdddf14955e0;1442593591746;78672;56283880;VENTA;890000;0;-22.965108;-43.180106
3eec61691155c03d568fcdddf14955e0;1442593619650;99790;56126160;VENTA;315000;0;-22.837582;-43.321509
3eec61691155c03d568fcdddf14955e0;1442593624888;68845;55808301;VENTA;520000;0;-22.929499;-43.2444409
3eec61691155c03d568fcdddf14955e0;1442593628969;95967;55548499;VENTA;300000;0;-22.96406;-43.405636
3eec61691155c03d568fcdddf14955e0;1442593634734;96358;56370680;VENTA;490000;0;-22.978846;-43.416194
3eec61691155c03d568fcdddf14955e0;1442593647673;86740;55696833;VENTA;850000;0;-22.923049;-43.373979
3eec61691155c03d568fcdddf14955e0;1442593653130;84271;54925430;VENTA;750000;0;-22.923123;-43.242899
3eec61691155c03d568fcdddf14955e0;1442593685690;54794;56127383;VENTA;1300000;0;-22.987027;-43.222454
3eec61691155c03d568fcdddf14955e0;1442593854679;75503;55640729;VENTA;380000;0;-22.9068467;-43.1728965
4a6b7cdf7f97ff6ae15b74fa5c1888e1;1442594400479;44576;44205922;VENTA;475000;0;-30.0401989;-51.2226127
4a6b7cdf7f97ff6ae15b74fa5c1888e1;1442594479014;44397;44209888;VENTA;1595000;0;-30.0401989;-51.2226127
4a6b7cdf7f97ff6ae15b74fa5c1888e1;1442594516679;71505;56383814;VENTA;160000;0;-30.0401989;-51.2226127
4a6b7cdf7f97ff6ae15b74fa5c1888e1;1442594530825;71505;55858705;VENTA;446000;0;-30.0401989;-51.2226127
4a6b7cdf7f97ff6ae15b74fa5c1888e1;1442594543096;71505;55858705;VENTA;446000;0;-30.0401989;-51.2226127
4a6b7cdf7f97ff6ae15b74fa5c1888e1;1442594567920;44577;54324255;VENTA;310000;0;-30.0401989;-51.2226127
4a6b7cdf7f97ff6ae15b74fa5c1888e1;1442594610993;71514;56274177;VENTA;425000;0;-30.0401989;-51.2226127
4a6b7cdf7f97ff6ae15b74fa5c1888e1;1442594622872;47471;55072304;VENTA;750000;0;-30.0401989;-51.2226127
4a6b7cdf7f97ff6ae15b74fa5c1888e1;1442594634736;44597;55317590;VENTA;278000;0;-30.0401989;-51.2226127
4a6b7cdf7f97ff6ae15b74fa5c1888e1;1442594671508;71496;50074312;VENTA;297000;0;-30.0401989;-51.2226127
4a6b7cdf7f97ff6ae15b74fa5c1888e1;1442594683919;71505;55398375;VENTA;345000;0;-30.0401989;-51.2226127
4a6b7cdf7f97ff6ae15b74fa5c1888e1;1442594694980;95387;55561887;VENTA;320000;0;-30.0401989;-51.2226127
4a6b7cdf7f97ff6ae15b74fa5c1888e1;1442594707114;44593;55309378;VENTA;150000;0;-30.0401989;-51.2226127
4dd4d66cf4957a5ee209e2adc80ba8f1;1442594020794;9297;54181137;VENTA;210000;0;-23.537158;-46.644365
4dd4d66cf4957a5ee209e2adc80ba8f1;1442594385504;9297;54181137;VENTA;210000;0;-23.537158;-46.644365
4dd4d66cf4957a5ee209e2adc80ba8f1;1442594447779;69525;55092241;VENTA;230000;0;-23.5833333;-46.6333333
4dd4d66cf4957a5ee209e2adc80ba8f1;1442594512186;18200;51874204;VENTA;160000;0;-23.5677778;-46.6294445
4dd4d66cf4957a5ee209e2adc80ba8f1;1442594652285;53872;55107672;VENTA;189000;0;-23.554916;-46.629406
4dd4d66cf4957a5ee209e2adc80ba8f1;1442594694026;18200;51874213;VENTA;190000;0;-23.5677778;-46.6294445
4dd4d66cf4957a5ee209e2adc80ba8f1;1442594713133;69525;55092241;VENTA;230000;0;-23.5833333;-46.6333333
4dd4d66cf4957a5ee209e2adc80ba8f1;1442595041297;85218;54146310;VENTA;200000;0;-23.5677778;-46.6294445
4dd4d66cf4957a5ee209e2adc80ba8f1;1442595194745;18874;43252977;VENTA;210000;0;-23.5677778;-46.6294445
4dd4d66cf4957a5ee209e2adc80ba8f1;1442595257055;18874;43296285;VENTA;213000;0;-23.5677778;-46.6294445
4dd4d66cf4957a5ee209e2adc80ba8f1;1442595314212;57024;49605986;VENTA;215000;0;-23.5677778;-46.6294445
50591bcca89cf71a78bf5a8bccbef3ad;1442598104572;39051;53080568;VENTA;225000;0;-19.9043195;-44.0234858
50591bcca89cf71a78bf5a8bccbef3ad;1442598143701;52345;53767291;VENTA;225000;0;-19.9043195;-44.0234858
50591bcca89cf71a78bf5a8bccbef3ad;1442598157998;39051;37674942;VENTA;240000;0;-19.9043195;-44.0234858
50591bcca89cf71a78bf5a8bccbef3ad;1442598163857;41809;40371924;VENTA;245000;0;-19.9043195;-44.0234858
50591bcca89cf71a78bf5a8bccbef3ad;1442598168632;93426;50639074;VENTA;268000;0;-19.9043195;-44.0234858
50591bcca89cf71a78bf5a8bccbef3ad;1442598176276;41792;53400869;VENTA;270000;0;-19.902185;-44.023831
50591bcca89cf71a78bf5a8bccbef3ad;1442598200456;43988;49423209;VENTA;280000;0;-19.9043195;-44.0234858
50591bcca89cf71a78bf5a8bccbef3ad;1442598368360;47924;47659762;VENTA;120000;0;-19.908556;-44.0401452
50591bcca89cf71a78bf5a8bccbef3ad;1442598415284;96338;52528931;VENTA;135000;0;-19.8464954;-44.0282462
50591bcca89cf71a78bf5a8bccbef3ad;1442598429461;45583;44335723;VENTA;140000;0;-19.9390133;-44.0365758
50591bcca89cf71a78bf5a8bccbef3ad;1442598446844;58719;50952272;VENTA;140000;0;-19.895205;-44.0377657
50591bcca89cf71a78bf5a8bccbef3ad;1442598473247;69815;51366717;VENTA;145000;0;-19.908556;-44.0401452
50591bcca89cf71a78bf5a8bccbef3ad;1442598509371;47898;51166473;VENTA;150000;0;-19.908556;-44.0401452
50591bcca89cf71a78bf5a8bccbef3ad;1442598519745;45311;44639942;VENTA;150000;0;-19.908556;-44.0401452
50591bcca89cf71a78bf5a8bccbef3ad;1442598563567;96338;55805742;VENTA;155000;0;-19.8808369;-44.0234858
50591bcca89cf71a78bf5a8bccbef3ad;1442598591522;48155;45194225;VENTA;159000;0;-19.908556;-44.0401452
50591bcca89cf71a78bf5a8bccbef3ad;1442598612909;41531;51422786;VENTA;160000;0;-19.8385736;-44.0234858
50591bcca89cf71a78bf5a8bccbef3ad;1442598621339;44456;51300917;VENTA;160000;0;-19.8464954;-44.0282462
50591bcca89cf71a78bf5a8bccbef3ad;1442598677263;54761;39979530;VENTA;160000;0;-19.8464954;-44.0282462
50591bcca89cf71a78bf5a8bccbef3ad;1442598695656;53732;53706362;VENTA;160000;0;-19.8385736;-44.0234858
50591bcca89cf71a78bf5a8bccbef3ad;1442598712556;43274;42780867;VENTA;160000;0;-19.8464954;-44.0282462
50591bcca89cf71a78bf5a8bccbef3ad;1442598779153;49768;51932168;VENTA;160000;0;-19.8464954;-44.0282462
50591bcca89cf71a78bf5a8bccbef3ad;1442598788563;50230;53629204;VENTA;160000;0;-19.8385736;-44.0234858
50591bcca89cf71a78bf5a8bccbef3ad;1442599872383;95762;54750387;VENTA;175000;0;-19.855779;-44.037435
50591bcca89cf71a78bf5a8bccbef3ad;1442599927255;36335;50935249;VENTA;160000;0;-19.895205;-44.0377657
520cdd6b925629cfcb74730916a0709e;1442597074763;51221;51847154;VENTA;138000;0;-29.5122861;-51.9854712
520cdd6b925629cfcb74730916a0709e;1442597365047;96039;54765710;VENTA;155000;0;-19.815091;-43.9519428
520cdd6b925629cfcb74730916a0709e;1442597540801;48155;52152681;VENTA;165000;0;-19.873762;-44.011561
520cdd6b925629cfcb74730916a0709e;1442597988644;72487;55809970;VENTA;189000;0;-19.826909;-43.988959
520cdd6b925629cfcb74730916a0709e;1442598497420;34660;55933884;VENTA;165000;0;-19.8257903;-43.9353332
520cdd6b925629cfcb74730916a0709e;1442598977217;52345;56195437;VENTA;169000;0;-19.8710171;-44.0020581
520cdd6b925629cfcb74730916a0709e;1442599394216;40165;51599152;VENTA;155000;0;-19.8225072;-44.0032488
520cdd6b925629cfcb74730916a0709e;1442599512450;40165;51599152;VENTA;155000;0;-19.8225072;-44.0032488
520cdd6b925629cfcb74730916a0709e;1442600109483;34660;52942033;VENTA;165000;0;-19.83502;-43.91836
520cdd6b925629cfcb74730916a0709e;1442600585512;97225;53716269;VENTA;155000;0;-19.8225072;-44.0032488
58164fee2e431928ce6ec415457ebd90;1442592259077;42192;55641711;VENTA;248000;0;-23.6666046;-46.512652
58164fee2e431928ce6ec415457ebd90;1442592421238;57490;55689914;VENTA;230000;0;-23.6666046;-46.512652
58164fee2e431928ce6ec415457ebd90;1442592513787;42192;55838380;VENTA;240000;0;-23.6666046;-46.512652
58164fee2e431928ce6ec415457ebd90;1442592695269;42192;50531073;VENTA;260000;0;-23.6666046;-46.512652
58164fee2e431928ce6ec415457ebd90;1442592993773;51328;55522121;VENTA;220000;0;-23.6844857;-46.5144569
58164fee2e431928ce6ec415457ebd90;1442594422685;44880;54215949;VENTA;240000;0;-23.6844857;-46.5144569
58164fee2e431928ce6ec415457ebd90;1442594467624;67418;50910303;VENTA;80000;0;-23.6666046;-46.512652
58164fee2e431928ce6ec415457ebd90;1442594558019;57490;55688997;VENTA;190000;0;-23.6844857;-46.5144569
58164fee2e431928ce6ec415457ebd90;1442594635602;57490;55689769;VENTA;245000;0;-23.6844857;-46.5144569
58164fee2e431928ce6ec415457ebd90;1442594732486;77141;53200699;VENTA;230000;0;-23.654377;-46.53271
58164fee2e431928ce6ec415457ebd90;1442595192125;42192;52640110;VENTA;235000;0;-23.6666046;-46.512652
63f464e7afe281beec5b036a03d01883;1442598097187;100287;56431969;VENTA;550000;0;-22.973006;-43.390634
63f464e7afe281beec5b036a03d01883;1442598237405;100129;56261955;VENTA;3700000;0;-23.000371;-43.365895
63f464e7afe281beec5b036a03d01883;1442598508183;77637;56254401;VENTA;670000;0;-22.99979;-43.41603
63f464e7afe281beec5b036a03d01883;1442598615369;57513;56228893;VENTA;5156000;0;-22.989081;-43.357664
63f464e7afe281beec5b036a03d01883;1442598690105;71989;56197024;VENTA;2550000;0;-22.989958;-43.35266
63f464e7afe281beec5b036a03d01883;1442598775143;56800;56117522;VENTA;580000;0;-22.972953;-43.399193
63f464e7afe281beec5b036a03d01883;1442599092763;84800;55970865;VENTA;1250000;0;-23.0091658;-43.3146739
63f464e7afe281beec5b036a03d01883;1442599184367;87428;55928235;VENTA;3800000;0;-22.987727;-43.352998
63f464e7afe281beec5b036a03d01883;1442599284453;54878;56431998;VENTA;1883000;0;-23.000371;-43.365895
63f464e7afe281beec5b036a03d01883;1442599441889;100283;56429463;VENTA;1535360;0;-23.000371;-43.365895
63f464e7afe281beec5b036a03d01883;1442599549440;97779;56022654;VENTA;1890000;0;-23.01008;-43.34357
63f464e7afe281beec5b036a03d01883;1442601440961;96664;55785176;VENTA;785000;0;-23.000371;-43.365895
63f464e7afe281beec5b036a03d01883;1442601607731;89564;55761464;VENTA;820000;0;-23.005784;-43.329096
63f464e7afe281beec5b036a03d01883;1442601743214;50686;56307630;VENTA;850000;0;-22.968204;-43.385908
63f464e7afe281beec5b036a03d01883;1442601898519;35546;55636663;VENTA;425000;0;-23.0096;-43.430699
63f464e7afe281beec5b036a03d01883;1442602522722;82378;56238602;VENTA;950000;0;-23.005489;-43.349184
752b62e97cc294910403781b674e8eea;1442593884516;93820;50808325;VENTA;700000;0;-22.9655678;-43.1834303
752b62e97cc294910403781b674e8eea;1442594189028;82267;54575859;VENTA;650000;0;-22.9682469;-43.183887
752b62e97cc294910403781b674e8eea;1442594638790;75160;55624326;VENTA;650000;0;-22.98347;-43.19312
752b62e97cc294910403781b674e8eea;1442595446142;67992;51657878;VENTA;700000;0;-22.974752;-43.19175
752b62e97cc294910403781b674e8eea;1442596805654;54844;54781323;VENTA;750000;0;-22.9670333;-43.1806972
752b62e97cc294910403781b674e8eea;1442597192027;68872;55661480;VENTA;680000;0;-22.982988;-43.19145
752b62e97cc294910403781b674e8eea;1442598054554;42968;54605660;VENTA;730000;0;-22.9670333;-43.1806972
752b62e97cc294910403781b674e8eea;1442598992249;77671;49126022;VENTA;750000;0;-22.97641;-43.191345
752b62e97cc294910403781b674e8eea;1442599542511;41079;52899162;VENTA;660000;0;-22.983598;-43.193428
752b62e97cc294910403781b674e8eea;1442600255560;41121;51330323;VENTA;650000;0;-22.9670333;-43.1806972
7829e0af269479040299bcb38deb7b09;1442598921501;55471;40623448;VENTA;300000;0;-22.706849;-43.158953
7829e0af269479040299bcb38deb7b09;1442599036525;55471;40644245;VENTA;150000;0;-22.706849;-43.158953
7829e0af269479040299bcb38deb7b09;1442599111720;55471;51631752;VENTA;260000;0;-22.530442;-42.987202
7829e0af269479040299bcb38deb7b09;1442599232467;55471;51631752;VENTA;260000;0;-22.530442;-42.987202
7829e0af269479040299bcb38deb7b09;1442599306962;55471;40644245;VENTA;150000;0;-22.706849;-43.158953
7829e0af269479040299bcb38deb7b09;1442599380998;55471;40623448;VENTA;300000;0;-22.706849;-43.158953
7829e0af269479040299bcb38deb7b09;1442599415064;55471;40623448;VENTA;300000;0;-22.706849;-43.158953
7829e0af269479040299bcb38deb7b09;1442599515499;55471;55273777;VENTA;295000;0;-22.706849;-43.158953
7829e0af269479040299bcb38deb7b09;1442599742596;55471;55273777;VENTA;295000;0;-22.706849;-43.158953
7829e0af269479040299bcb38deb7b09;1442600050525;55471;42160623;VENTA;350000;0;-22.706849;-43.158953
7c0ab2b8a54d8fe634140b0ea12aab6d;1442599016679;47924;44055466;VENTA;326100;0;-19.9250646;-44.0853346
7c0ab2b8a54d8fe634140b0ea12aab6d;1442599044867;47924;44055466;VENTA;326100;0;-19.9250646;-44.0853346
7c0ab2b8a54d8fe634140b0ea12aab6d;1442599066837;47924;44055500;VENTA;384800;0;-19.9250646;-44.0853346
7c0ab2b8a54d8fe634140b0ea12aab6d;1442599190521;77429;52945344;VENTA;162200;0;-19.921956;-44.080913
7c0ab2b8a54d8fe634140b0ea12aab6d;1442599787032;85666;48499896;VENTA;180000;0;-19.9250646;-44.0853346
7c0ab2b8a54d8fe634140b0ea12aab6d;1442599796549;85666;48499896;VENTA;180000;0;-19.9250646;-44.0853346
7c0ab2b8a54d8fe634140b0ea12aab6d;1442599844101;94084;50712810;VENTA;162000;0;-19.91881;-44.128504
7c0ab2b8a54d8fe634140b0ea12aab6d;1442599882527;48683;48592211;VENTA;170000;0;-19.921956;-44.080913
7c0ab2b8a54d8fe634140b0ea12aab6d;1442599954126;41809;51800457;VENTA;170000;0;-19.9250646;-44.0853346
7c0ab2b8a54d8fe634140b0ea12aab6d;1442600213389;54764;55422248;VENTA;400000;0;-19.9250646;-44.0853346
7f6a1551015ec07eea524d7bafd69122;1442594809579;74913;49073238;VENTA;360000;0;-23.54041;-46.198109
7f6a1551015ec07eea524d7bafd69122;1442594859552;74913;49073238;VENTA;360000;0;-23.54041;-46.198109
7f6a1551015ec07eea524d7bafd69122;1442594915444;79691;55561760;VENTA;425000;0;-23.536794;-46.196002
7f6a1551015ec07eea524d7bafd69122;1442594955502;67918;50545805;VENTA;360000;0;-23.540183;-46.198123
7f6a1551015ec07eea524d7bafd69122;1442595057058;55872;55652919;VENTA;425000;0;-23.521313;-46.185853
7f6a1551015ec07eea524d7bafd69122;1442595998015;63818;56299008;VENTA;210000;0;-23.5681037;-46.2193208
7f6a1551015ec07eea524d7bafd69122;1442596021079;86484;52415707;VENTA;220000;0;-23.565009;-46.218521
7f6a1551015ec07eea524d7bafd69122;1442596099798;79447;56304579;VENTA;210000;0;-23.5681037;-46.2193208
7f6a1551015ec07eea524d7bafd69122;1442596142981;58312;49785432;VENTA;245000;0;-23.567403;-46.218249
7f6a1551015ec07eea524d7bafd69122;1442596209308;56112;55205113;VENTA;190000;0;-23.566236;-46.2197
85308c176c0c6ef76c5175397af796e5;1442593816667;43628;51590588;VENTA;270000;0;-27.4465934;-48.38387530000001
85308c176c0c6ef76c5175397af796e5;1442594814798;83368;49643546;VENTA;260000;0;-27.142766;-48.510957
85308c176c0c6ef76c5175397af796e5;1442594999519;55114;54437377;VENTA;264000;0;-27.15794;-48.49646
85308c176c0c6ef76c5175397af796e5;1442595230058;76924;55181524;VENTA;422000;0;-27.136027;-48.513257
85308c176c0c6ef76c5175397af796e5;1442598798407;35621;52215013;VENTA;250000;0;-27.151155;-48.4951055
85308c176c0c6ef76c5175397af796e5;1442598945654;65422;51011415;VENTA;250000;0;-27.15794;-48.49646
85308c176c0c6ef76c5175397af796e5;1442599123060;95344;55022596;VENTA;280000;0;-27.140866;-48.511634
85308c176c0c6ef76c5175397af796e5;1442599437091;97862;54924883;VENTA;272000;0;-27.1426635;-48.5109092
85308c176c0c6ef76c5175397af796e5;1442599556140;69370;53876910;VENTA;263000;0;-27.14092;-48.51402
85308c176c0c6ef76c5175397af796e5;1442599641020;99569;56211117;VENTA;290000;0;-27.151155;-48.4951055
85308c176c0c6ef76c5175397af796e5;1442599754312;99633;55879622;VENTA;349000;0;-27.151155;-48.495106
85308c176c0c6ef76c5175397af796e5;1442600065336;99106;55436669;VENTA;350000;0;-27.142399;-48.510061
867f1e6f55b38a28b92b1e7b360eaaf9;1442592493822;53886;54298942;VENTA;335475;0;-7.137686;-34.826581
867f1e6f55b38a28b92b1e7b360eaaf9;1442592556464;87932;54121478;VENTA;300000;0;-7.137686;-34.826581
867f1e6f55b38a28b92b1e7b360eaaf9;1442592584828;87932;54121478;VENTA;300000;0;-7.137686;-34.826581
867f1e6f55b38a28b92b1e7b360eaaf9;1442592621371;87932;54121478;VENTA;300000;0;-7.137686;-34.826581
867f1e6f55b38a28b92b1e7b360eaaf9;1442592634813;87932;54121478;VENTA;300000;0;-7.137686;-34.826581
867f1e6f55b38a28b92b1e7b360eaaf9;1442592789081;72022;54651708;VENTA;370000;0;-7.108001;-34.834584
867f1e6f55b38a28b92b1e7b360eaaf9;1442592796409;72022;54651708;VENTA;370000;0;-7.108001;-34.834584
867f1e6f55b38a28b92b1e7b360eaaf9;1442592908554;87932;54121478;VENTA;300000;0;-7.137686;-34.826581
867f1e6f55b38a28b92b1e7b360eaaf9;1442592971607;87932;54121478;VENTA;300000;0;-7.137686;-34.826581
867f1e6f55b38a28b92b1e7b360eaaf9;1442593640704;88912;50392850;VENTA;300000;0;-7.137938;-34.826541
867f1e6f55b38a28b92b1e7b360eaaf9;1442595300817;67978;46608584;VENTA;264000;0;-7.137686;-34.826581
867f1e6f55b38a28b92b1e7b360eaaf9;1442600722625;57109;51351089;VENTA;240000;0;-7.137686;-34.826581
91ac1e626f3106284a038dfeff87000e;1442595041242;43924;41400262;VENTA;255000;0;-27.4146335;-48.4237772
91ac1e626f3106284a038dfeff87000e;1442595043546;43924;41400262;VENTA;255000;0;-27.4146335;-48.4237772
91ac1e626f3106284a038dfeff87000e;1442595139524;43924;41400262;VENTA;255000;0;-27.4146335;-48.4237772
91ac1e626f3106284a038dfeff87000e;1442595247798;34962;56273874;VENTA;320000;0;-27.410101;-48.424599
91ac1e626f3106284a038dfeff87000e;1442595544988;51894;45826341;VENTA;350000;0;-27.414634;-48.423777
91ac1e626f3106284a038dfeff87000e;1442595551301;51894;45826341;VENTA;350000;0;-27.414634;-48.423777
91ac1e626f3106284a038dfeff87000e;1442595604689;34962;56273874;VENTA;320000;0;-27.410101;-48.424599
91ac1e626f3106284a038dfeff87000e;1442595612530;76662;55007310;VENTA;350000;0;-27.5969039;-48.54945439999999
91ac1e626f3106284a038dfeff87000e;1442595625539;34962;49284295;VENTA;350000;0;-27.410101;-48.424599
91ac1e626f3106284a038dfeff87000e;1442595650962;43924;41400262;VENTA;255000;0;-27.4146335;-48.4237772
91ac1e626f3106284a038dfeff87000e;1442595674977;76662;55007310;VENTA;350000;0;-27.5969039;-48.54945439999999
91ac1e626f3106284a038dfeff87000e;1442595680372;51894;45826341;VENTA;350000;0;-27.414634;-48.423777
96316e710e9634ad1efec1249a03210d;1442593830908;66982;43742313;VENTA;212000;0;-22.9721648;-47.1755497
96316e710e9634ad1efec1249a03210d;1442593859250;92473;50275255;VENTA;195000;0;-22.9721648;-47.1755497
96316e710e9634ad1efec1249a03210d;1442593871452;33239;51734063;VENTA;70000;0;-22.9721648;-47.1755497
96316e710e9634ad1efec1249a03210d;1442593906170;49025;55149668;VENTA;240000;0;-22.972165;-47.17555
96316e710e9634ad1efec1249a03210d;1442593918658;75769;54365447;VENTA;190000;0;-22.9721648;-47.1755497
96316e710e9634ad1efec1249a03210d;1442593940148;95777;54398240;VENTA;190000;0;-22.972165;-47.17555
96316e710e9634ad1efec1249a03210d;1442593960187;93629;55754291;VENTA;190000;0;-22.9721648;-47.1755497
96316e710e9634ad1efec1249a03210d;1442593969892;39571;46219671;VENTA;190000;0;-22.9721648;-47.1755497
96316e710e9634ad1efec1249a03210d;1442593981755;93629;55640710;VENTA;180000;0;-22.9721648;-47.1755497
96316e710e9634ad1efec1249a03210d;1442593990656;93629;54252721;VENTA;220000;0;-22.9721648;-47.1755497
96316e710e9634ad1efec1249a03210d;1442594001759;77507;50753711;VENTA;190000;0;-22.9721648;-47.1755497
96316e710e9634ad1efec1249a03210d;1442594017885;50915;54855360;VENTA;190000;0;-22.9721648;-47.1755497
96316e710e9634ad1efec1249a03210d;1442594029848;54532;49602327;VENTA;220000;0;-22.9721648;-47.1755497
96316e710e9634ad1efec1249a03210d;1442594038861;93629;51767531;VENTA;210000;0;-22.9721648;-47.1755497
96316e710e9634ad1efec1249a03210d;1442594048056;54532;48007061;VENTA;220000;0;-22.9721648;-47.1755497
96316e710e9634ad1efec1249a03210d;1442594055006;92473;50275260;VENTA;245000;0;-22.9721648;-47.1755497
96316e710e9634ad1efec1249a03210d;1442594079809;92473;50275335;VENTA;80000;0;-22.9721648;-47.1755497
96316e710e9634ad1efec1249a03210d;1442594092562;33239;51734084;VENTA;225000;0;-22.9721648;-47.1755497
96316e710e9634ad1efec1249a03210d;1442594103046;33239;51734055;VENTA;220000;0;-22.9721648;-47.1755497
96316e710e9634ad1efec1249a03210d;1442594112849;33239;51734018;VENTA;200000;0;-22.9721648;-47.1755497
96316e710e9634ad1efec1249a03210d;1442594121835;33239;51734024;VENTA;202000;0;-22.9721648;-47.1755497
96316e710e9634ad1efec1249a03210d;1442594128734;33239;52273417;VENTA;222600;0;-22.9721648;-47.1755497
96316e710e9634ad1efec1249a03210d;1442594140446;54532;48007061;VENTA;220000;0;-22.9721648;-47.1755497
96316e710e9634ad1efec1249a03210d;1442594150401;54532;47689620;VENTA;230000;0;-22.9721648;-47.1755497
96316e710e9634ad1efec1249a03210d;1442594157147;54532;48007060;VENTA;260000;0;-22.9721648;-47.1755497
96316e710e9634ad1efec1249a03210d;1442594166509;50921;48557924;VENTA;220000;0;-22.9721648;-47.1755497
96316e710e9634ad1efec1249a03210d;1442594176569;92473;50275227;VENTA;185000;0;-22.9721648;-47.1755497
96316e710e9634ad1efec1249a03210d;1442594182850;92473;50275283;VENTA;130000;0;-22.9721648;-47.1755497
96316e710e9634ad1efec1249a03210d;1442594192679;92473;50275255;VENTA;195000;0;-22.9721648;-47.1755497
96316e710e9634ad1efec1249a03210d;1442594202235;66982;43742313;VENTA;212000;0;-22.9721648;-47.1755497
96316e710e9634ad1efec1249a03210d;1442594213955;33239;51734063;VENTA;70000;0;-22.9721648;-47.1755497
968932875ed0a84ac37d75eba49cc1e4;1442597004534;96732;56045903;VENTA;140000;0;-19.921309;-44.274229
968932875ed0a84ac37d75eba49cc1e4;1442597085909;68963;50797229;VENTA;129990;0;-19.921309;-44.274229
968932875ed0a84ac37d75eba49cc1e4;1442597184313;42716;51425691;VENTA;135000;0;-19.921309;-44.274229
968932875ed0a84ac37d75eba49cc1e4;1442597355826;86150;55290245;VENTA;140000;0;-19.921309;-44.274229
968932875ed0a84ac37d75eba49cc1e4;1442597526676;65603;55506398;VENTA;135000;0;-19.921309;-44.274229
968932875ed0a84ac37d75eba49cc1e4;1442597752857;45311;54812345;VENTA;135000;0;-19.921309;-44.274229
968932875ed0a84ac37d75eba49cc1e4;1442597981418;89248;52820410;VENTA;140000;0;-19.919891;-44.275139
968932875ed0a84ac37d75eba49cc1e4;1442598326423;41406;53247514;VENTA;145000;0;-19.9450481;-44.2742516
968932875ed0a84ac37d75eba49cc1e4;1442598467376;95482;52102426;VENTA;190000;0;-19.9450481;-44.2742516
968932875ed0a84ac37d75eba49cc1e4;1442599366944;86709;55308463;VENTA;220000;0;-19.9450481;-44.2742516
968932875ed0a84ac37d75eba49cc1e4;1442599515701;56955;53768121;VENTA;145000;0;-19.9450481;-44.2742516
968932875ed0a84ac37d75eba49cc1e4;1442600400878;34219;50918562;VENTA;170000;0;-19.968;-44.198
968932875ed0a84ac37d75eba49cc1e4;1442600586982;56955;56131036;VENTA;175000;0;-19.968;-44.198
9fb72bd8722594e386e60d4722b34bc6;1442597921973;99570;55749690;VENTA;160000;0;-21.1926;-47.7411
9fb72bd8722594e386e60d4722b34bc6;1442598251704;44540;51360231;VENTA;170000;0;-21.1926;-47.7411
9fb72bd8722594e386e60d4722b34bc6;1442598308749;44540;51360231;VENTA;170000;0;-21.1926;-47.7411
9fb72bd8722594e386e60d4722b34bc6;1442598317644;58084;52282494;VENTA;170000;0;-21.1926;-47.7411
9fb72bd8722594e386e60d4722b34bc6;1442598440053;44066;54211477;VENTA;180000;0;-21.1926;-47.7411
9fb72bd8722594e386e60d4722b34bc6;1442598520457;44540;51360258;VENTA;180000;0;-21.1926;-47.7411
9fb72bd8722594e386e60d4722b34bc6;1442598711692;44066;54211477;VENTA;180000;0;-21.1926;-47.7411
9fb72bd8722594e386e60d4722b34bc6;1442599126988;84233;49761883;VENTA;180000;0;-21.16557;-47.714203
9fb72bd8722594e386e60d4722b34bc6;1442599188023;42682;56144666;VENTA;180000;0;-21.1926;-47.7411
9fb72bd8722594e386e60d4722b34bc6;1442600159938;43508;48060876;VENTA;180000;0;-21.1926;-47.7411
a0de984ab248f764c40509a496b8c7ce;1442595964802;65451;50868024;VENTA;370000;0;-22.717694;-47.198148
a0de984ab248f764c40509a496b8c7ce;1442596152167;50509;55726944;VENTA;230000;0;-22.757026;-47.203262
a0de984ab248f764c40509a496b8c7ce;1442596336972;50741;55369341;VENTA;170000;0;-22.765015;-47.150027
a0de984ab248f764c40509a496b8c7ce;1442596778753;76814;54070245;VENTA;250000;0;-22.774;-47.19
a0de984ab248f764c40509a496b8c7ce;1442597082323;39266;51034475;VENTA;260000;0;-22.774;-47.19
a0de984ab248f764c40509a496b8c7ce;1442597628483;92809;53400897;VENTA;350000;0;-22.848297;-47.297093
a0de984ab248f764c40509a496b8c7ce;1442597770885;48699;55248711;VENTA;350000;0;-22.8211508;-47.2667341
a0de984ab248f764c40509a496b8c7ce;1442598897470;74403;47224234;VENTA;320000;0;-22.72826;-47.30035
a0de984ab248f764c40509a496b8c7ce;1442599176034;74707;55225699;VENTA;330000;0;-22.72826;-47.30035
a0de984ab248f764c40509a496b8c7ce;1442599249494;33239;51734109;VENTA;280000;0;-22.787;-47.2832
a0de984ab248f764c40509a496b8c7ce;1442599321243;35542;54968540;VENTA;320000;0;-22.72826;-47.30035
a0de984ab248f764c40509a496b8c7ce;1442599428502;54204;54470535;VENTA;298500;0;-22.779;-47.302
a0de984ab248f764c40509a496b8c7ce;1442599511714;65875;53195067;VENTA;310000;0;-22.779;-47.302
a0de984ab248f764c40509a496b8c7ce;1442599548219;95279;55793774;VENTA;320000;0;-22.7799217;-47.29629329999999
a1d6e6c2f25ca9465f93bf41e092bbc1;1442594755637;35350;55643970;VENTA;560000;0;-23.5276326;-46.1732912
a1d6e6c2f25ca9465f93bf41e092bbc1;1442594847564;35350;55643970;VENTA;560000;0;-23.5276326;-46.1732912
a1d6e6c2f25ca9465f93bf41e092bbc1;1442594935573;35350;55643970;VENTA;560000;0;-23.5276326;-46.1732912
a1d6e6c2f25ca9465f93bf41e092bbc1;1442594980651;35350;55643970;VENTA;560000;0;-23.5276326;-46.1732912
a1d6e6c2f25ca9465f93bf41e092bbc1;1442595080393;37248;55673169;VENTA;560000;0;-23.5276326;-46.1732912
a1d6e6c2f25ca9465f93bf41e092bbc1;1442595218797;37248;55673169;VENTA;560000;0;-23.5276326;-46.1732912
a1d6e6c2f25ca9465f93bf41e092bbc1;1442595303119;55867;42323197;VENTA;550000;0;-23.527633;-46.173291
a1d6e6c2f25ca9465f93bf41e092bbc1;1442595358559;55867;42323197;VENTA;550000;0;-23.527633;-46.173291
a1d6e6c2f25ca9465f93bf41e092bbc1;1442595501457;57221;50556442;VENTA;530000;0;-23.5276326;-46.1732912
a1d6e6c2f25ca9465f93bf41e092bbc1;1442595636840;73506;48476485;VENTA;500000;0;-23.5276326;-46.1732912
a1d6e6c2f25ca9465f93bf41e092bbc1;1442595704335;73506;48476485;VENTA;500000;0;-23.5276326;-46.1732912
a1d6e6c2f25ca9465f93bf41e092bbc1;1442595723015;73506;48476485;VENTA;500000;0;-23.5276326;-46.1732912
a1d6e6c2f25ca9465f93bf41e092bbc1;1442595822248;55546;40458544;VENTA;495000;0;-23.526178;-46.175476
a1d6e6c2f25ca9465f93bf41e092bbc1;1442595884879;55546;40458544;VENTA;495000;0;-23.526178;-46.175476
a1d6e6c2f25ca9465f93bf41e092bbc1;1442596012435;55349;56273363;VENTA;430000;0;-23.5276326;-46.1732912
a1d6e6c2f25ca9465f93bf41e092bbc1;1442596088959;55349;56273363;VENTA;430000;0;-23.5276326;-46.1732912
a1d6e6c2f25ca9465f93bf41e092bbc1;1442596131439;55872;41493616;VENTA;400000;0;-23.527633;-46.173291
a1d6e6c2f25ca9465f93bf41e092bbc1;1442596143889;55872;41493616;VENTA;400000;0;-23.527633;-46.173291
a2c2c1f4e40d8ffc1e70f0634fced03f;1442594878069;43274;48387306;VENTA;135000;0;-19.9385599;-44.0529377
a2c2c1f4e40d8ffc1e70f0634fced03f;1442595191974;45583;44335723;VENTA;140000;0;-19.9390133;-44.0365758
a2c2c1f4e40d8ffc1e70f0634fced03f;1442595204171;45583;44335723;VENTA;140000;0;-19.9390133;-44.0365758
a2c2c1f4e40d8ffc1e70f0634fced03f;1442596418327;63837;55067123;VENTA;230000;0;-19.9390133;-44.0365758
a2c2c1f4e40d8ffc1e70f0634fced03f;1442597773892;56960;51385934;VENTA;220000;0;-19.9390133;-44.0365758
a2c2c1f4e40d8ffc1e70f0634fced03f;1442597838573;63837;51011894;VENTA;300000;0;-19.9390133;-44.0365758
a2c2c1f4e40d8ffc1e70f0634fced03f;1442598226509;84876;48655385;VENTA;230000;0;-19.9390133;-44.0365758
a2c2c1f4e40d8ffc1e70f0634fced03f;1442598468295;36335;50933234;VENTA;300000;0;-19.9390133;-44.0365758
a2c2c1f4e40d8ffc1e70f0634fced03f;1442598557247;45583;44335723;VENTA;140000;0;-19.9390133;-44.0365758
a2c2c1f4e40d8ffc1e70f0634fced03f;1442598773721;45583;44119734;VENTA;150000;0;-19.9390133;-44.0365758
a2c2c1f4e40d8ffc1e70f0634fced03f;1442599201759;45583;38996073;VENTA;130000;0;-19.9390133;-44.0365758
a948e0492c8895907b5802a80164ce7a;1442592002875;75775;54786344;VENTA;1200000;0;-22.966436;-47.072901
a948e0492c8895907b5802a80164ce7a;1442592156390;55641;55748264;VENTA;1180000;0;-22.966436;-47.072901
a948e0492c8895907b5802a80164ce7a;1442592264838;75987;51074088;VENTA;1220000;0;-22.909938;-47.062633
a948e0492c8895907b5802a80164ce7a;1442592325571;43632;56420270;VENTA;1380000;0;-22.909939;-47.062634
a948e0492c8895907b5802a80164ce7a;1442592477034;79555;50280203;VENTA;1295000;0;-22.9664358;-47.0729012
a948e0492c8895907b5802a80164ce7a;1442592615923;75775;53805000;VENTA;1295000;0;-22.967537;-47.079793
a948e0492c8895907b5802a80164ce7a;1442592865097;52898;50130377;VENTA;1250000;0;-22.9664358;-47.0729012
a948e0492c8895907b5802a80164ce7a;1442592999098;78776;46497022;VENTA;1200000;0;-22.904508;-47.107516
a948e0492c8895907b5802a80164ce7a;1442593219557;43750;54946588;VENTA;1190000;0;-22.980539;-47.075854
a948e0492c8895907b5802a80164ce7a;1442593249428;44820;51728524;VENTA;1250000;0;-22.949704;-47.065328
a948e0492c8895907b5802a80164ce7a;1442593356730;44820;51728534;VENTA;1230000;0;-22.919617;-47.058607
a948e0492c8895907b5802a80164ce7a;1442593430223;44820;51728013;VENTA;1380000;0;-22.907105;-47.063239
a948e0492c8895907b5802a80164ce7a;1442595898690;58163;55228595;VENTA;1390000;0;-22.907105;-47.063239
ad574faf31ccedb993b4a9a2f84a1c4f;1442592460163;67222;51300347;VENTA;3300000;0;-23.4406749;-46.5198723
ad574faf31ccedb993b4a9a2f84a1c4f;1442592540079;12313;56067225;VENTA;3200000;0;-23.465051;-46.656951
ad574faf31ccedb993b4a9a2f84a1c4f;1442592743294;26163;56211794;VENTA;3000000;0;-23.5489433;-46.6388182
ad574faf31ccedb993b4a9a2f84a1c4f;1442593669998;54095;55219953;VENTA;2660000;0;-23.653002;-46.635892
ad574faf31ccedb993b4a9a2f84a1c4f;1442593892515;56522;53396876;VENTA;2500000;0;-23.3565119;-46.8768692
ad574faf31ccedb993b4a9a2f84a1c4f;1442593898199;56522;53396876;VENTA;2500000;0;-23.3565119;-46.8768692
ad574faf31ccedb993b4a9a2f84a1c4f;1442593940584;42664;42948266;VENTA;2800000;0;-23.4091118;-46.8363009
ad574faf31ccedb993b4a9a2f84a1c4f;1442593989928;42664;42948266;VENTA;2800000;0;-23.4091118;-46.8363009
ad574faf31ccedb993b4a9a2f84a1c4f;1442594127423;80372;50353199;VENTA;2500000;0;-23.4466571;-46.9189519
ad574faf31ccedb993b4a9a2f84a1c4f;1442594257411;49608;47213860;VENTA;2000000;0;-23.41076;-46.880643
ad574faf31ccedb993b4a9a2f84a1c4f;1442595110145;8068;48778415;VENTA;2400000;0;-23.5372222;-46.6719444
ad574faf31ccedb993b4a9a2f84a1c4f;1442595361543;13045;52761055;VENTA;2200000;0;-23.544;-46.65
ad574faf31ccedb993b4a9a2f84a1c4f;1442595663774;66236;50736797;VENTA;2200000;0;-23.6937;-46.8469
ad574faf31ccedb993b4a9a2f84a1c4f;1442595954790;38600;53809651;VENTA;1800000;0;-23.495373;-46.701935
ad574faf31ccedb993b4a9a2f84a1c4f;1442596020622;65719;43330333;VENTA;1800000;0;-23.562984;-46.564297
bce012b82fdc3f1f5e7070e363b87b19;1442600375474;57490;55689259;VENTA;190000;0;-23.6851632;-46.5300865
bce012b82fdc3f1f5e7070e363b87b19;1442600864085;40156;51009226;VENTA;190000;0;-23.6851632;-46.5300865
bce012b82fdc3f1f5e7070e363b87b19;1442601098665;41936;53601268;VENTA;190000;0;-23.6851632;-46.5300865
bce012b82fdc3f1f5e7070e363b87b19;1442601230838;95415;54747415;VENTA;190000;0;-23.6851632;-46.5300865
bce012b82fdc3f1f5e7070e363b87b19;1442601321024;95415;54747415;VENTA;190000;0;-23.6851632;-46.5300865
bce012b82fdc3f1f5e7070e363b87b19;1442601389106;95415;54747415;VENTA;190000;0;-23.6851632;-46.5300865
bce012b82fdc3f1f5e7070e363b87b19;1442601430919;54012;55553897;VENTA;285000;0;-23.6851632;-46.5300865
bce012b82fdc3f1f5e7070e363b87b19;1442601458819;57490;55689259;VENTA;190000;0;-23.6851632;-46.5300865
bce012b82fdc3f1f5e7070e363b87b19;1442602000029;40156;51009226;VENTA;190000;0;-23.6851632;-46.5300865
bce012b82fdc3f1f5e7070e363b87b19;1442602215058;100264;56428479;VENTA;187600;0;-23.6423986;-46.4909974
c297dd1156455072f95a3add3effcc0e;1442594465065;40575;56370355;VENTA;610000;0;-19.905861;-43.9043224
c297dd1156455072f95a3add3effcc0e;1442594484985;42206;55535462;VENTA;1400000;0;-19.8597921;-43.9889587
c297dd1156455072f95a3add3effcc0e;1442594527814;71525;56363336;VENTA;630000;0;-19.9484437;-43.9567905
c297dd1156455072f95a3add3effcc0e;1442594539994;93205;56259902;VENTA;220000;0;-19.8511641;-43.9311598
c297dd1156455072f95a3add3effcc0e;1442594608476;36951;56376893;VENTA;720000;0;-19.933744;-43.966324
c297dd1156455072f95a3add3effcc0e;1442594638536;93349;56417887;VENTA;305000;0;-19.9782;-43.97
c297dd1156455072f95a3add3effcc0e;1442594771277;55074;52713130;VENTA;560000;0;-19.950668;-43.92932
c297dd1156455072f95a3add3effcc0e;1442594815213;84355;55580036;VENTA;440000;0;-19.9502343;-43.9281786
c297dd1156455072f95a3add3effcc0e;1442594869509;98585;55563865;VENTA;145000;0;-19.8183842;-43.9555987
c297dd1156455072f95a3add3effcc0e;1442594888771;74262;55034854;VENTA;790000;0;-19.9294985;-43.9496391
c297dd1156455072f95a3add3effcc0e;1442594916656;79975;55554107;VENTA;270000;0;-19.9103355;-43.931756
c34f70255822ef34ec6a184e56a1e893;1442595971624;42617;52123521;VENTA;160000;0;-29.9509;-51.0778
c34f70255822ef34ec6a184e56a1e893;1442596161525;98393;54778307;VENTA;115000;0;-29.9509;-51.0778
c34f70255822ef34ec6a184e56a1e893;1442596321975;44594;44206878;VENTA;160000;0;-29.9509;-51.0778
c34f70255822ef34ec6a184e56a1e893;1442596444085;96485;53761662;VENTA;165000;0;-29.9509;-51.0778
c34f70255822ef34ec6a184e56a1e893;1442596623126;84471;55124537;VENTA;155000;0;-29.954671;-51.075245
c34f70255822ef34ec6a184e56a1e893;1442596793258;52525;55148931;VENTA;155000;0;-29.9509;-51.0778
c34f70255822ef34ec6a184e56a1e893;1442596936275;52431;55822670;VENTA;152000;0;-29.947723;-51.102117
c34f70255822ef34ec6a184e56a1e893;1442597045596;51656;51670693;VENTA;159000;0;-29.9509;-51.0778
c34f70255822ef34ec6a184e56a1e893;1442597326181;81422;52135178;VENTA;160000;0;-29.9509;-51.0778
c34f70255822ef34ec6a184e56a1e893;1442597393869;47600;50098200;VENTA;155000;0;-29.9509;-51.0778
c34f70255822ef34ec6a184e56a1e893;1442597555303;51656;51670981;VENTA;155000;0;-29.9509;-51.0778
c34f70255822ef34ec6a184e56a1e893;1442597843759;32250;51178949;VENTA;150000;0;-29.9509;-51.0778
c34f70255822ef34ec6a184e56a1e893;1442598219511;32250;51178949;VENTA;150000;0;-29.9509;-51.0778
c447f6929314f93a16e3e901f1066c83;1442597937183;42207;49059113;VENTA;1300000;0;-25.501654;-49.229164
c447f6929314f93a16e3e901f1066c83;1442598177550;50728;51573326;VENTA;1350000;0;-25.508239;-49.225908
c447f6929314f93a16e3e901f1066c83;1442598448210;64240;47562231;VENTA;1750000;0;-25.49418;-49.234221
c447f6929314f93a16e3e901f1066c83;1442598848579;56634;55861508;VENTA;1070000;0;-25.511849;-49.220406
c447f6929314f93a16e3e901f1066c83;1442599225798;45800;54782320;VENTA;2300000;0;-25.4691128;-49.276539
c447f6929314f93a16e3e901f1066c83;1442599436770;51349;53225801;VENTA;2500000;0;-25.534576;-49.235264
c447f6929314f93a16e3e901f1066c83;1442599656735;40719;51535028;VENTA;1340000;0;-25.521032;-49.233432
c447f6929314f93a16e3e901f1066c83;1442599825994;40719;51535026;VENTA;1340000;0;-25.521032;-49.233432
c447f6929314f93a16e3e901f1066c83;1442599967755;40719;51535024;VENTA;1055000;0;-25.521031;-49.233432
c447f6929314f93a16e3e901f1066c83;1442600993302;92395;51519218;VENTA;1100000;0;-25.449864;-49.188494
c447f6929314f93a16e3e901f1066c83;1442601330369;76396;55892675;VENTA;750000;0;-23.3050463;-51.1493917
c447f6929314f93a16e3e901f1066c83;1442601611470;56727;42157006;VENTA;1400000;0;-25.497299;-49.226107
c447f6929314f93a16e3e901f1066c83;1442601823374;56727;48782841;VENTA;695000;0;-25.497297;-49.226101
c447f6929314f93a16e3e901f1066c83;1442602002541;38625;51305276;VENTA;800000;0;-25.502866;-49.238534
c447f6929314f93a16e3e901f1066c83;1442602266977;29783;46263423;VENTA;520000;0;-25.528625;-49.236598
ca3fd24fd78aac3f7188b2e67579704f;1442592540504;55087;54576318;VENTA;220000;0;-23.540494;-46.16474
ca3fd24fd78aac3f7188b2e67579704f;1442592659750;86484;52415707;VENTA;220000;0;-23.565009;-46.218521
ca3fd24fd78aac3f7188b2e67579704f;1442592876557;65139;53458731;VENTA;220000;0;-23.545698;-46.240445
ca3fd24fd78aac3f7188b2e67579704f;1442593027606;86484;52415707;VENTA;220000;0;-23.565009;-46.218521
ca3fd24fd78aac3f7188b2e67579704f;1442593353352;87394;52366985;VENTA;220000;0;-23.545446;-46.239601
ca3fd24fd78aac3f7188b2e67579704f;1442593772620;83626;55235394;VENTA;210000;0;-23.5551338;-46.2229093
ca3fd24fd78aac3f7188b2e67579704f;1442593931491;75006;53994067;VENTA;195000;0;-23.5404822;-46.1643295
ca3fd24fd78aac3f7188b2e67579704f;1442594512740;56398;49304743;VENTA;200000;0;-23.5590109;-46.2001863
ca3fd24fd78aac3f7188b2e67579704f;1442594636512;79447;56304576;VENTA;210000;0;-23.5681037;-46.2193208
ca3fd24fd78aac3f7188b2e67579704f;1442594774297;79447;56304576;VENTA;210000;0;-23.5681037;-46.2193208
ca3fd24fd78aac3f7188b2e67579704f;1442594935493;95896;52270540;VENTA;230000;0;-23.55387;-46.22127
ca3fd24fd78aac3f7188b2e67579704f;1442596235351;97674;54186431;VENTA;210000;0;-23.5595312;-46.2253019
ca3fd24fd78aac3f7188b2e67579704f;1442598454381;79447;56304548;VENTA;207000;0;-23.5584689;-46.2121445
d33e24ff662c1d3c49d250f772028a61;1442592142227;57540;55055908;VENTA;490000;0;-21.7931481;-43.3801392
d33e24ff662c1d3c49d250f772028a61;1442592197908;95807;54269363;VENTA;1650000;0;-21.7931481;-43.3801392
d33e24ff662c1d3c49d250f772028a61;1442592370038;64068;54005598;VENTA;690000;0;-21.7931481;-43.3801392
d33e24ff662c1d3c49d250f772028a61;1442592453594;46182;51105007;VENTA;660000;0;-21.7931481;-43.3801392
d33e24ff662c1d3c49d250f772028a61;1442592524043;64566;55833797;VENTA;489990;0;-21.78343;-43.376487
d33e24ff662c1d3c49d250f772028a61;1442592621342;93493;52986196;VENTA;1200000;0;-21.7931481;-43.3801392
d33e24ff662c1d3c49d250f772028a61;1442592720312;70717;54852173;VENTA;990000;0;-21.7931481;-43.3801392
d33e24ff662c1d3c49d250f772028a61;1442592801914;98588;56363966;VENTA;630000;0;-21.7931481;-43.3801392
d33e24ff662c1d3c49d250f772028a61;1442592868362;64108;48338280;VENTA;1500000;0;-21.7931481;-43.3801392
d33e24ff662c1d3c49d250f772028a61;1442592942174;64068;56112189;VENTA;495000;0;-21.7931481;-43.3801392
d33e24ff662c1d3c49d250f772028a61;1442592982836;64068;56112188;VENTA;495000;0;-21.7931481;-43.3801392
d33e24ff662c1d3c49d250f772028a61;1442593001364;86383;55841096;VENTA;480000;0;-21.7931481;-43.3801392
d33e24ff662c1d3c49d250f772028a61;1442593084691;86383;55841089;VENTA;480000;0;-21.7931481;-43.3801392
d33e24ff662c1d3c49d250f772028a61;1442593130236;57540;54972611;VENTA;1260000;0;-21.7931481;-43.3801392
d33e24ff662c1d3c49d250f772028a61;1442593204180;93493;55953700;VENTA;870000;0;-21.7931481;-43.3801392
d33e24ff662c1d3c49d250f772028a61;1442593247282;89930;55339685;VENTA;2750000;0;-21.7931481;-43.3801392
d33e24ff662c1d3c49d250f772028a61;1442593332873;98588;55071424;VENTA;990000;0;-21.7931481;-43.3801392
d33e24ff662c1d3c49d250f772028a61;1442593448197;54776;56035153;VENTA;1200000;0;-21.7931481;-43.3801392
d33e24ff662c1d3c49d250f772028a61;1442593666117;94085;54615853;VENTA;549000;0;-21.788615;-43.376656
d33e24ff662c1d3c49d250f772028a61;1442593717536;57540;54972515;VENTA;650000;0;-21.7931481;-43.3801392
d33e24ff662c1d3c49d250f772028a61;1442593992404;100078;56357798;VENTA;670000;0;-21.7931481;-43.3801392
d33e24ff662c1d3c49d250f772028a61;1442594092956;70958;55407246;VENTA;600000;0;-21.7931481;-43.3801392
d33e24ff662c1d3c49d250f772028a61;1442594155289;64108;55538430;VENTA;950000;0;-21.7931481;-43.3801392
d33e24ff662c1d3c49d250f772028a61;1442594387402;79453;53160264;VENTA;700000;0;-21.78547;-43.382412
d33e24ff662c1d3c49d250f772028a61;1442594645473;95290;52345155;VENTA;519000;0;-21.789062;-43.379325
d33e24ff662c1d3c49d250f772028a61;1442594737099;70958;54808745;VENTA;990000;0;-21.7931481;-43.3801392
d33e24ff662c1d3c49d250f772028a61;1442594783742;76021;55099736;VENTA;498000;0;-21.7931481;-43.3801392
d33e24ff662c1d3c49d250f772028a61;1442594859622;94692;51045164;VENTA;480000;0;-21.7931481;-43.3801392
d33e24ff662c1d3c49d250f772028a61;1442594935429;84410;53829506;VENTA;525000;0;-21.7931481;-43.3801392
d33e24ff662c1d3c49d250f772028a61;1442595000103;70717;55398610;VENTA;700000;0;-21.7931481;-43.3801392
d33e24ff662c1d3c49d250f772028a61;1442595069049;97598;54493204;VENTA;650000;0;-21.789827;-43.383966
d33e24ff662c1d3c49d250f772028a61;1442595134376;64068;56161815;VENTA;449900;0;-21.7931481;-43.3801392
d33e24ff662c1d3c49d250f772028a61;1442595194666;94168;54485373;VENTA;630000;0;-21.7931481;-43.3801392
d33e24ff662c1d3c49d250f772028a61;1442595305454;76021;55064746;VENTA;590000;0;-21.7931481;-43.3801392
d33e24ff662c1d3c49d250f772028a61;1442595367476;84100;56199797;VENTA;630000;0;-21.7931481;-43.3801392
d33e24ff662c1d3c49d250f772028a61;1442595935327;66615;56041728;VENTA;495000;0;-21.794881;-43.378059
d33e24ff662c1d3c49d250f772028a61;1442596121608;57598;55684365;VENTA;1150000;0;-21.798685;-43.375918
d33e24ff662c1d3c49d250f772028a61;1442596182844;54776;53774477;VENTA;2800000;0;-21.794881;-43.378059
d33e24ff662c1d3c49d250f772028a61;1442596254539;86345;53546585;VENTA;1600000;0;-21.794881;-43.378059
d33e24ff662c1d3c49d250f772028a61;1442596304731;57598;55684328;VENTA;1500000;0;-21.794881;-43.378059
d33e24ff662c1d3c49d250f772028a61;1442596369088;54776;52233935;VENTA;495000;0;-21.794881;-43.378059
d33e24ff662c1d3c49d250f772028a61;1442596469557;66615;55452067;VENTA;495000;0;-21.794881;-43.378059
d33e24ff662c1d3c49d250f772028a61;1442596530854;57598;52218453;VENTA;1650000;0;-21.794881;-43.378059
d57dabc6c73ccae8457b79d710a6564d;1442594261430;53450;50962655;VENTA;380000;0;-22.7386583;-45.592202
d57dabc6c73ccae8457b79d710a6564d;1442594447760;74797;45574616;VENTA;450000;0;-22.6882577;-45.7362889
d57dabc6c73ccae8457b79d710a6564d;1442594524205;43482;51692447;VENTA;450000;0;-22.6882577;-45.7362889
d57dabc6c73ccae8457b79d710a6564d;1442594825778;54936;52912992;VENTA;180000;0;-22.825179;-45.667208
d57dabc6c73ccae8457b79d710a6564d;1442594996321;43386;41959364;VENTA;320000;0;-22.8248632;-45.6671316
d57dabc6c73ccae8457b79d710a6564d;1442595154477;30203;55869471;VENTA;330000;0;-22.825267;-45.6671
d57dabc6c73ccae8457b79d710a6564d;1442595300507;81608;53854375;VENTA;290000;0;-22.8248632;-45.6671316
d57dabc6c73ccae8457b79d710a6564d;1442595746865;53450;50957129;VENTA;380000;0;-22.954511;-45.838686
d57dabc6c73ccae8457b79d710a6564d;1442595916337;54936;52913032;VENTA;290000;0;-22.954511;-45.838686
d57dabc6c73ccae8457b79d710a6564d;1442596222203;85445;52008550;VENTA;300000;0;-22.954555;-45.838692
de28c7d7d646bab227c75d0c10bf2d05;1442600226338;39353;51070641;VENTA;1500000;0;-22.528;-42.99
de28c7d7d646bab227c75d0c10bf2d05;1442600383196;39353;51070641;VENTA;1500000;0;-22.528;-42.99
de28c7d7d646bab227c75d0c10bf2d05;1442600699969;39353;55256106;VENTA;450000;0;-22.528;-42.99
de28c7d7d646bab227c75d0c10bf2d05;1442600866123;53637;55248588;VENTA;650000;0;-22.528;-42.99
de28c7d7d646bab227c75d0c10bf2d05;1442600886206;53637;55248588;VENTA;650000;0;-22.528;-42.99
de28c7d7d646bab227c75d0c10bf2d05;1442600981147;20043;43475839;VENTA;480000;0;-22.528;-42.99
de28c7d7d646bab227c75d0c10bf2d05;1442601014733;20043;43475839;VENTA;480000;0;-22.528;-42.99
de28c7d7d646bab227c75d0c10bf2d05;1442601248998;53637;51008674;VENTA;550000;0;-22.51459;-42.975712
de28c7d7d646bab227c75d0c10bf2d05;1442601386766;53637;51008674;VENTA;550000;0;-22.51459;-42.975712
de28c7d7d646bab227c75d0c10bf2d05;1442601916465;39353;51070641;VENTA;1500000;0;-22.528;-42.99
f2f75c44456ba6819ce6f4c167e83cf1;1442596507787;98053;56349067;VENTA;2080000;0;-23.633738;-46.727638
f2f75c44456ba6819ce6f4c167e83cf1;1442596667882;84296;56359972;VENTA;675000;0;-23.533776;-46.690725
f2f75c44456ba6819ce6f4c167e83cf1;1442596822516;84296;56359972;VENTA;675000;0;-23.533776;-46.690725
f2f75c44456ba6819ce6f4c167e83cf1;1442597465468;98620;56294561;VENTA;645000;0;-23.53125;-46.674695
f2f75c44456ba6819ce6f4c167e83cf1;1442597641333;11286;56293595;VENTA;1500000;0;-23.5505199;-46.6333094
f2f75c44456ba6819ce6f4c167e83cf1;1442597798695;98516;56313074;VENTA;720000;0;-23.62064;-46.636455
f2f75c44456ba6819ce6f4c167e83cf1;1442598412889;100214;56356653;VENTA;840000;0;-23.552945;-46.651118
f2f75c44456ba6819ce6f4c167e83cf1;1442598554681;99549;56286196;VENTA;485000;0;-23.56227;-46.6309465
f2f75c44456ba6819ce6f4c167e83cf1;1442598960355;99837;56250938;VENTA;1200000;0;-23.599762;-46.689932
f2f75c44456ba6819ce6f4c167e83cf1;1442599113250;98538;56144963;VENTA;850000;0;-23.5239218;-46.6861277
f2f75c44456ba6819ce6f4c167e83cf1;1442599641227;84493;55970229;VENTA;494000;0;-23.6153706;-46.6341297
f2f75c44456ba6819ce6f4c167e83cf1;1442599765110;99930;56396871;VENTA;620000;0;-23.530925;-46.681362
f2f75c44456ba6819ce6f4c167e83cf1;1442600424479;100009;56172067;VENTA;1685000;0;-23.53347;-46.730868
f2f75c44456ba6819ce6f4c167e83cf1;1442600594973;99583;56396704;VENTA;370000;0;-23.587062;-46.560586
f2f75c44456ba6819ce6f4c167e83cf1;1442600762548;48278;56262090;VENTA;580000;0;-23.616485;-46.63278
f2f75c44456ba6819ce6f4c167e83cf1;1442600928102;53305;56391900;VENTA;955000;0;-23.532923;-46.658999
f2f75c44456ba6819ce6f4c167e83cf1;1442600946758;83279;55988209;VENTA;980200;0;-23.599762;-46.689932
f2f75c44456ba6819ce6f4c167e83cf1;1442601149933;83279;55988209;VENTA;980200;0;-23.599762;-46.689932
f2f75c44456ba6819ce6f4c167e83cf1;1442601481165;82133;56370522;VENTA;800000;0;-23.582698;-46.677157
f2f75c44456ba6819ce6f4c167e83cf1;1442601804982;98289;56116474;VENTA;879000;0;-23.6002409;-46.6752691
f2f75c44456ba6819ce6f4c167e83cf1;1442601958171;82847;56113743;VENTA;460000;0;-23.631809;-46.740396
f2f75c44456ba6819ce6f4c167e83cf1;1442602297724;93044;56396266;VENTA;195000;0;-23.620395;-46.747764
f2f75c44456ba6819ce6f4c167e83cf1;1442602574338;56009;56120961;VENTA;1600000;0;-23.61173;-46.681244
f2f75c44456ba6819ce6f4c167e83cf1;1442602708931;69970;56116275;VENTA;430000;0;-23.617828;-46.737246
fa1e28663563780f94316d434782d278;1442597688706;99690;55787298;VENTA;125000;0;-5.9236327;-35.2826446
fa1e28663563780f94316d434782d278;1442597759224;97339;54212448;VENTA;157400;0;-5.887095;-35.206604
fa1e28663563780f94316d434782d278;1442597963592;89080;53999637;VENTA;145000;0;-5.923369;-35.208208
fa1e28663563780f94316d434782d278;1442598072185;98539;54806355;VENTA;120000;0;-5.9439;-35.278017
fa1e28663563780f94316d434782d278;1442598156972;96967;54439713;VENTA;110000;0;-5.928062;-35.267818
fa1e28663563780f94316d434782d278;1442598232732;76740;56058592;VENTA;95000;0;-5.914;-35.275
fa1e28663563780f94316d434782d278;1442598332498;81473;53404463;VENTA;140000;0;-5.926524;-35.265186
fa1e28663563780f94316d434782d278;1442598542864;100076;56256135;VENTA;110000000;0;-5.93015;-35.284545
fa1e28663563780f94316d434782d278;1442599210210;96080;52394975;VENTA;180000;0;-5.9060643;-35.2604426
fa1e28663563780f94316d434782d278;1442599307894;99690;55831232;VENTA;100000;0;-5.926285;-35.270963
fa1e28663563780f94316d434782d278;1442599544771;96833;56352323;VENTA;125000;0;-5.9229723;-35.2766442
fa1e28663563780f94316d434782d278;1442600086571;79420;53837836;VENTA;99300000;0;-5.930421;-35.278951
fa1e28663563780f94316d434782d278;1442600263858;98539;54896833;VENTA;115000;0;-5.9484931;-35.2783905
fa1e28663563780f94316d434782d278;1442600367337;85023;48905422;VENTA;114980;0;-5.927876;-35.273142
fa1e28663563780f94316d434782d278;1442600518562;38622;54559499;VENTA;150000;0;-5.9115545;-35.2713164
fa1e28663563780f94316d434782d278;1442601106551;74721;54485843;VENTA;129000;0;-5.944547;-35.253176
fa1e28663563780f94316d434782d278;1442601231819;96897;53769245;VENTA;115000;0;-5.942631;-35.281958
fa1e28663563780f94316d434782d278;1442601437032;47377;54398849;VENTA;80000;0;-5.914;-35.275
